DMP_PATIENT_ID,Version,Chrom,Start,Ref,Alt,Gene,Exon,TranscriptID,cDNAchange,AAchange,VariantClass,N_TotalDepth,N_AltFreq,T_TotalDepth,T_AltFreq
P-0003939,v3,1,226551670,C,T,PARP1,20,NM_001618,c.2760G>A,p.L920L,Silent,406,0.03202,1069,0
P-0001502,v3,X,66863123,T,C,AR,2,NM_000044,c.1642T>C,p.L548L,Silent,431,0.06032,262,0.004
P-0003990,v3,5,1258757,C,T,TERT,13,NM_198253,c.2988G>A,p.T996T,Silent,368,0.05707,467,0.009
P-0002515,v3,2,29754828,G,A,ALK,4,NM_004304,c.1107C>T,p.N369N,Silent,386,0.08808,706,0.01
P-0002551,v3,16,2098670,G,A,TSC2,2,NM_000548,c.54G>A,p.L18L,Silent,404,0.02475,940,0.001
P-0002871,v3,5,35871255,T,C,IL7R,4,NM_002185,c.477T>C,p.Y159Y,Silent,337,0.03264,743,0.011
P-0002954,v3,16,68867381,C,T,CDH1,16,NM_004360,c.2628C>T,p.Y876Y,Silent,328,0.03963,393,0.01
P-0003325,v5,X,70357227,G,A,MED12,39,NM_005120,c.5742G>A,p.Q1914Q,Silent,253,0.04348,446,0.002
P-0004091,v5,9,135787760,G,T,TSC1,9,NM_000368,c.822C>A,p.G274G,Silent,479,0.02296,873,0.003
P-0004067,v5,13,29005307,T,A,FLT1,7,NM_002019,c.954A>T,p.S318S,Silent,223,0.06726,465,0.017
P-0004704,v5,16,89350295,G,A,ANKRD11,9,NM_013275,c.2655C>T,p.S885S,Silent,658,0.13374,335,0.051
P-0004708,v5,4,106162542,A,G,TET2,4,NM_001127208,c.3456A>G,p.G1152G,Silent,603,0.04146,646,0.008
P-0004839,v5,10,70332410,G,A,TET1,2,NM_030625,c.315G>A,p.A105A,Silent,630,0.03968,1131,0.005
P-0005365,v5,12,49426935,C,T,KMT2D,39,NM_003482,c.11553G>A,p.R3851R,Silent,404,0.02475,593,0
P-0005390,v5,19,15273300,G,T,NOTCH3,32,NM_000435,c.5889C>A,p.A1963A,Silent,478,0.14854,1105,0.025
P-0005598,v5,7,151927347,T,C,KMT2C,17,NM_170606,c.2829A>G,p.T943T,Silent,110,0.17273,192,0.083
P-0005629,v5,3,47084152,C,T,SETD2,17,NM_014159,c.7137G>A,p.P2379P,Silent,432,0.0463,363,0.019
P-0005547,v5,19,17947957,G,A,JAK3,13,NM_000215,c.1767C>T,p.G589G,Silent,451,0.02217,729,0.007
P-0003790,v5,9,98209479,C,T,PTCH1,23,NM_000264,c.4059G>A,p.A1353A,Silent,495,0.0303,398,0.013
P-0005720,v5,20,41306648,G,C,PTPRT,7,NM_133170,c.1011C>G,p.T337T,Silent,1045,0.08421,2525,0.038
P-0005816,v5,2,212989582,T,C,ERBB4,2,NM_005235,c.129A>G,p.E43E,Silent,648,0.02006,717,0.003
P-0006077,v5,13,73335576,T,C,DIS3,19,NM_014953,c.2595A>G,p.P865P,Silent,378,0.03439,776,0
P-0006175,v5,4,106162537,C,T,TET2,4,NM_001127208,c.3451C>T,p.L1151L,Silent,422,0.12796,543,0.028
P-0006175,v5,6,162683711,G,A,PARK2,3,NM_004562,c.258C>T,p.D86D,Silent,484,0.02273,788,0.001
P-0006318,v5,11,77103485,G,A,PAK1,2,NM_002576,c.81C>T,p.G27G,Silent,449,0.02227,867,0.002
P-0006368,v5,16,9857969,G,A,GRIN2A,13,NM_001134407,c.3432C>T,p.N1144N,Silent,414,0.0942,1074,0.035
P-0006523,v5,4,106157619,A,G,TET2,3,NM_001127208,c.2520A>G,p.L840L,Silent,569,0.03339,1252,0.01
P-0006642,v5,16,3819262,G,A,CREBBP,15,NM_004380,c.2973C>T,p.D991D,Silent,482,0.02075,1231,0.004
P-0007320,v5,20,41306543,C,T,PTPRT,7,NM_133170,c.1116G>A,p.P372P,Silent,320,0.03125,904,0.008
P-0007235,v5,1,43812566,T,C,MPL,8,NM_005373,c.1269T>C,p.Y423Y,Silent,546,0.02381,710,0
P-0007339,v5,4,187524961,G,A,FAT1,19,NM_005245,c.10719C>T,p.D3573D,Silent,514,0.03502,879,0.001
P-0007333,v5,4,1803152,C,T,FGFR3,5,NM_000142,c.504C>T,p.A168A,Silent,416,0.02644,579,0.002
P-0008848,v5,11,118376903,C,T,KMT2A,27,NM_001197104,c.10296C>T,p.L3432L,Silent,364,0.10714,625,0.037
P-0008947,v5,11,108126966,C,A,ATM,14,NM_000051,c.2149C>A,p.R717R,Silent,388,0.03608,891,0.004
P-0009269,v5,16,9857192,C,T,GRIN2A,13,NM_001134407,c.4209G>A,p.S1403S,Silent,456,0.30921,1189,0.066
P-0009274,v5,17,78681775,C,T,RPTOR,4,NM_020761,c.483C>T,p.N161N,Silent,338,0.10355,1599,0.005
P-0009351,v5,11,17741500,G,T,MYOD1,1,NM_002478,c.171G>T,p.L57L,Silent,536,0.02239,181,0
P-0009559,v5,9,98220400,G,A,PTCH1,18,NM_000264,c.3063C>T,p.Y1021Y,Silent,419,0.02387,920,0.003
P-0009756,v5,6,157528416,A,G,ARID1B,20,NM_020732,c.6141A>G,p.P2047P,Silent,541,0.03512,638,0.006
P-0009756,v5,9,8521368,T,C,PTPRD,20,NM_002839,c.870A>G,p.E290E,Silent,718,0.08496,882,0.019
P-0009756,v5,X,66942823,G,A,AR,7,NM_000044,c.2604G>A,p.Q868Q,Silent,772,0.03109,1050,0.008
P-0009869,v5,3,89480413,G,T,EPHA3,13,NM_005233,c.2250G>T,p.R750R,Silent,472,0.02331,1059,0.006
P-0006147,v5,3,52441296,G,T,BAP1,7,NM_004656,c.474C>A,p.G158G,Silent,496,0.02016,841,0.001
P-0009897,v5,7,55211096,C,T,EGFR,3,NM_005228,c.339C>T,p.Y113Y,Silent,416,0.05048,1285,0.012
P-0009944,v5,16,72991852,A,G,ZFHX3,2,NM_006885,c.2193T>C,p.C731C,Silent,925,0.02162,1152,0.007
P-0009952,v5,17,63532626,C,T,AXIN2,8,NM_004655,c.1953G>A,p.S651S,Silent,327,0.06728,864,0.012
P-0009959,v5,17,8111093,T,G,AURKB,3,NM_004217,c.114A>C,p.A38A,Silent,602,0.03821,1607,0.004
P-0010118,v5,7,55211111,C,T,EGFR,3,NM_005228,c.354C>T,p.A118A,Silent,537,0.03724,968,0.002
P-0010279,v5,5,180056383,G,T,FLT4,7,NM_182925,c.861C>A,p.T287T,Silent,461,0.02169,481,0
P-0010490,v5,4,55984829,G,A,KDR,3,NM_002253,c.300C>T,p.A100A,Silent,593,0.06745,1400,0
P-0010652,v5,6,395854,G,A,IRF4,4,NM_002460,c.411G>A,p.K137K,Silent,594,0.04209,816,0.011
P-0010743,v5,1,162735849,C,T,DDR2,10,NM_006182,c.1158C>T,p.T386T,Silent,515,0.04854,1061,0.001
P-0010811,v5,18,724480,A,G,YES1,12,NM_005433,c.1576T>C,p.L526L,Silent,415,0.07229,478,0.002
P-0010892,v5,2,29498071,C,A,ALK,11,NM_004304,c.1935G>T,p.L645L,Silent,422,0.11848,900,0.049
P-0011036,v5,2,25463174,G,T,DNMT3A,19,NM_022552,c.2319C>A,p.L773L,Silent,549,0.03097,1210,0.002
P-0011060,v5,1,156843450,G,A,NTRK1,8,NM_002529,c.876G>A,p.T292T,Silent,227,0.05286,238,0.004
P-0011209,v5,17,63533669,G,A,AXIN2,6,NM_004655,c.1485C>T,p.G495G,Silent,504,0.1746,867,0.043
P-0011236,v5,2,158622611,C,T,ACVR1,8,NM_001111067,c.888G>A,p.Q296Q,Silent,522,0.0249,1149,0.002
P-0012084,v5,12,133249756,G,A,POLE,14,NM_006231,c.1467C>T,p.P489P,Silent,420,0.09286,509,0.01
P-0012110,v5,6,29910339,C,T,HLA-A,1,NM_001242758,c.9C>T,p.V3V,Silent,661,0.03177,1543,0.003
P-0012314,v5,17,16049701,T,C,NCOR1,10,NM_006311,c.1071A>G,p.E357E,Silent,752,0.03457,1620,0.006
P-0012394,v5,7,55233086,C,T,EGFR,15,NM_005228,c.1836C>T,p.D612D,Silent,434,0.02765,749,0
P-0012341,v5,20,40877350,G,A,PTPRT,15,NM_133170,c.2346C>T,p.G782G,Silent,341,0.04106,611,0.005
P-0012514,v5,5,180056332,G,A,FLT4,7,NM_182925,c.912C>T,p.D304D,Silent,637,0.05181,1138,0.015
P-0012506,v5,16,2122352,T,C,TSC2,20,NM_000548,c.2208T>C,p.A736A,Silent,555,0.02162,708,0
P-0012600,v5,16,9862825,G,A,GRIN2A,12,NM_001134407,c.2478C>T,p.A826A,Silent,501,0.02196,613,0.002
P-0012593,v5,1,162722937,C,T,DDR2,4,NM_006182,c.135C>T,p.D45D,Silent,551,0.05445,1966,0.026
P-0012687,v5,9,8319963,C,T,PTPRD,45,NM_002839,c.5538G>A,p.A1846A,Silent,416,0.04087,887,0.01
P-0012919,v5,10,123276885,C,A,FGFR2,8,NM_000141,c.1032G>T,p.A344A,Silent,585,0.02222,1168,0.001
P-0012844,v5,11,118343149,T,G,KMT2A,3,NM_001197104,c.1275T>G,p.P425P,Silent,636,0.02201,1236,0.009
P-0012941,v5,17,41246093,T,A,BRCA1,10,NM_007294,c.1455A>T,p.A485A,Silent,582,0.02577,964,0.001
P-0012890,v5,5,176638613,C,T,NSD1,5,NM_022455,c.3213C>T,p.D1071D,Silent,561,0.03209,1017,0.006
P-0013147,v5,3,189455550,T,C,TP63,2,NM_003722,c.84T>C,p.H28H,Silent,512,0.02344,943,0.003
P-0013570,v5,17,37676287,C,G,CDK12,11,NM_016507,c.3042C>G,p.T1014T,Silent,1125,0.02844,1113,0.001
P-0013795,v5,16,2134606,C,T,TSC2,34,NM_000548,c.4383C>T,p.Y1461Y,Silent,544,0.0239,892,0.006
P-0013935,v5,17,63554370,C,T,AXIN2,2,NM_004655,c.369G>A,p.K123K,Silent,787,0.07624,1148,0.034
P-0014007,v5,6,149997492,C,T,LATS1,7,NM_004690,c.2787G>A,p.Q929Q,Silent,443,0.02709,602,0.005
P-0014172,v5,19,5221034,G,A,PTPRS,20,NM_002850,c.3432C>T,p.D1144D,Silent,475,0.26526,223,0.063
P-0014172,v5,6,117715364,A,G,ROS1,10,NM_002944,c.1125T>C,p.D375D,Silent,413,0.23971,291,0.062
P-0014200,v6,7,6026863,C,T,PMS2,11,NM_000535,c.1533G>A,p.T511T,Silent,884,0.10407,912,0.004
P-0014240,v6,4,55964873,G,A,KDR,16,NM_002253,c.2364C>T,p.T788T,Silent,385,0.14026,558,0.02
P-0014240,v6,6,43742116,G,A,VEGFA,2,NM_001171623,c.105G>A,p.Q35Q,Silent,654,0.05199,1311,0.011
P-0014506,v6,7,116339174,C,T,MET,2,NM_000245,c.36C>T,p.L12L,Silent,240,0.07083,606,0.003
P-0014511,v6,10,112724464,A,G,SHOC2,2,NM_007373,c.348A>G,p.P116P,Silent,639,0.30516,1286,0.065
P-0014512,v6,16,72984545,C,T,ZFHX3,3,NM_006885,c.3039G>A,p.Q1013Q,Silent,577,0.0208,1180,0.002
P-0014512,v6,2,29446375,C,T,ALK,20,NM_004304,c.3192G>A,p.Q1064Q,Silent,603,0.02322,1068,0.001
P-0014512,v6,2,242793339,C,T,PDCD1,5,NM_005018,c.738G>A,p.T246T,Silent,763,0.02752,1232,0.001
P-0014687,v6,4,1806082,C,T,FGFR3,9,NM_000142,c.1101C>T,p.D367D,Silent,737,0.03664,1239,0.012
P-0014790,v6,17,37884039,C,T,ERBB2,27,NM_004448,c.3510C>T,p.P1170P,Silent,566,0.03534,1304,0.002
P-0014942,v6,5,149512438,C,T,PDGFRB,7,NM_002609,c.1002G>A,p.R334R,Silent,553,0.02712,862,0.005
P-0014972,v6,7,128848643,G,C,SMO,7,NM_005631,c.1308G>C,p.L436L,Silent,587,0.0954,980,0.033
P-0015061,v6,12,49438208,G,A,KMT2D,20,NM_003482,c.5061C>T,p.R1687R,Silent,607,0.08402,1589,0.02
P-0015072,v6,7,106508825,C,A,PIK3CG,2,NM_002649,c.819C>A,p.R273R,Silent,509,0.05305,618,0.003
P-0015122,v6,16,3639790,G,C,SLX4,12,NM_032444,c.3849C>G,p.A1283A,Silent,524,0.02099,915,0.01
P-0013844,v6,6,32178667,G,A,NOTCH4,18,NM_004557,c.2727C>T,p.D909D,Silent,747,0.04284,1217,0.005
P-0015219,v6,2,212530125,C,T,ERBB4,15,NM_005235,c.1794G>A,p.Q598Q,Silent,337,0.05341,514,0.006
P-0015291,v6,2,16085955,G,T,MYCN,3,NM_005378,c.1131G>T,p.S377S,Silent,808,0.02599,460,0.009
P-0015339,v6,22,37622767,G,A,RAC2,6,NM_002872,c.525C>T,p.A175A,Silent,678,0.08997,1126,0.008
P-0015404,v6,11,64135978,G,A,RPS6KA4,11,NM_003942,c.1239G>A,p.R413R,Silent,481,0.02911,1023,0.001
P-0015771,v6,2,47641473,T,C,MSH2,5,NM_000251,c.858T>C,p.F286F,Silent,579,0.07081,234,0.026
P-0016016,v6,12,46285874,T,A,ARID2,18,NM_152641,c.5142T>A,p.S1714S,Silent,375,0.072,664,0.021
P-0016016,v6,4,1978306,C,T,WHSC1,21,NM_001042424,c.3726C>T,p.C1242C,Silent,577,0.0208,1149,0
P-0016220,v6,7,140449213,T,C,BRAF,16,NM_004333,c.1866A>G,p.P622P,Silent,333,0.11712,314,0.006
P-0016339,v6,7,151949058,T,C,KMT2C,11,NM_170606,c.1587A>G,p.P529P,Silent,484,0.04132,671,0
P-0016571,v6,19,42383205,G,A,CD79A,2,NM_001783,c.225G>A,p.T75T,Silent,449,0.05122,817,0.009
P-0016571,v6,19,50905365,A,G,POLD1,5,NM_002691,c.573A>G,p.E191E,Silent,489,0.04499,800,0.005
P-0016690,v6,2,46583871,A,C,EPAS1,4,NM_001430,c.378A>C,p.L126L,Silent,901,0.02997,1025,0.019
P-0016780,v6,1,43812161,A,T,MPL,7,NM_005373,c.1026A>T,p.P342P,Silent,772,0.03238,579,0.003
P-0016809,v6,9,139391783,C,T,NOTCH1,34,NM_017617,c.6408G>A,p.S2136S,Silent,552,0.30435,478,0.117
P-0016809,v6,X,76952126,T,C,ATRX,5,NM_000489,c.309A>G,p.V103V,Silent,757,0.02378,1020,0.004
P-0017061,v6,11,8284889,C,T,LMO1,1,NM_002315,c.21G>A,p.E7E,Silent,356,0.30056,777,0.03
P-0017253,v6,2,46607716,C,A,EPAS1,12,NM_001430,c.1905C>A,p.S635S,Silent,806,0.09057,1141,0.02
P-0017361,v6,2,61719527,T,C,XPO1,15,NM_003400,c.1656A>G,p.P552P,Silent,515,0.0233,705,0
P-0017361,v6,9,139402811,C,T,NOTCH1,20,NM_017617,c.3198G>A,p.S1066S,Silent,628,0.02548,903,0.001
P-0017194,v6,11,100998497,C,G,PGR,1,NM_000926,c.1305G>C,p.G435G,Silent,512,0.12109,1150,0
P-0017194,v6,11,102206902,C,T,BIRC3,8,NM_182962,c.1530C>T,p.F510F,Silent,641,0.02496,1218,0
P-0017194,v6,11,118363861,T,A,KMT2A,16,NM_001197104,c.5094T>A,p.T1698T,Silent,873,0.02635,1826,0.001
P-0017194,v6,16,396366,G,A,AXIN1,2,NM_003502,c.660C>T,p.V220V,Silent,876,0.10731,1130,0
P-0017194,v6,3,47162229,G,A,SETD2,3,NM_014159,c.3897C>T,p.Y1299Y,Silent,599,0.12855,1152,0.002
P-0017194,v6,8,70971040,C,T,PRDM14,6,NM_024504,c.1221G>A,p.K407K,Silent,1121,0.11954,3649,0.001
P-0017510,v6,13,28608486,G,A,FLT3,13,NM_004119,c.1656C>T,p.L552L,Silent,520,0.03654,982,0.001
P-0018106,v6,15,42054346,C,G,MGA,22,NM_001164273,c.7530C>G,p.V2510V,Silent,674,0.07418,696,0.006
P-0018207,v6,16,9862825,G,A,GRIN2A,12,NM_001134407,c.2478C>T,p.A826A,Silent,747,0.14056,303,0.007
P-0018204,v6,19,5215364,C,T,PTPRS,28,NM_002850,c.4254G>A,p.P1418P,Silent,697,0.02152,746,0.001
P-0018307,v6,X,44936059,A,G,KDM6A,18,NM_021140,c.2820A>G,p.T940T,Silent,904,0.03761,938,0.016
P-0018351,v6,2,25457259,G,A,DNMT3A,23,NM_022552,c.2628C>T,p.D876D,Silent,939,0.02875,611,0
P-0017842,v6,10,123298185,T,C,FGFR2,6,NM_000141,c.669A>G,p.P223P,Silent,564,0.04965,401,0.012
P-0018685,v6,X,1327779,G,T,CRLF2,2,NM_022148,c.102C>A,p.I34I,Silent,442,0.06109,712,0.004
P-0018895,v6,5,35876390,C,T,IL7R,8,NM_002185,c.1182C>T,p.G394G,Silent,730,0.03425,802,0.005
P-0018953,v6,16,81944251,G,A,PLCG2,18,NM_002661,c.1860G>A,p.T620T,Silent,830,0.25181,866,0.022
P-0019139,v6,1,40366657,T,C,MYCL1,2,NM_001033082,c.540A>G,p.E180E,Silent,618,0.03883,594,0.01
P-0019247,v6,19,11019847,C,T,CARM1,4,NM_199141,c.522C>T,p.R174R,Silent,1052,0.02662,897,0.006
P-0019214,v6,1,27056246,A,T,ARID1A,2,NM_006015,c.1242A>T,p.G414G,Silent,637,0.0471,692,0.019
P-0019214,v6,9,5549396,C,T,PDCD1LG2,4,NM_025239,c.423C>T,p.L141L,Silent,877,0.25884,632,0.055
P-0019298,v6,1,156845379,C,T,NTRK1,12,NM_002529,c.1422C>T,p.S474S,Silent,879,0.03299,742,0.004
P-0019298,v6,7,116397715,G,A,MET,8,NM_000245,c.1989G>A,p.S663S,Silent,637,0.03768,521,0.002
P-0019301,v6,15,88423540,G,A,NTRK3,19,NM_001012338,c.2295C>T,p.T765T,Silent,755,0.02252,1092,0.008
P-0019389,v6,1,27023554,C,T,ARID1A,1,NM_006015,c.660C>T,p.S220S,Silent,806,0.0397,831,0.01
P-0014220,v6,16,9857249,C,T,GRIN2A,13,NM_001134407,c.4152G>A,p.S1384S,Silent,639,0.03599,620,0.011
P-0019484,v6,7,50467968,G,A,IKZF1,8,NM_006060,c.1203G>A,p.E401E,Silent,537,0.054,330,0.006
P-0006417,v6,7,55214387,C,T,EGFR,4,NM_005228,c.513C>T,p.D171D,Silent,642,0.02181,1141,0.003
P-0019654,v6,17,40375428,G,T,STAT5B,5,NM_012448,c.522C>A,p.I174I,Silent,599,0.02671,1162,0.003
P-0019584,v6,1,36932885,G,C,CSF3R,16,NM_000760,c.1986C>G,p.V662V,Silent,923,0.05742,848,0.001
P-0019895,v6,3,134884907,C,T,EPHB1,8,NM_004441,c.1683C>T,p.I561I,Silent,547,0.02559,968,0.009
P-0019920,v6,9,87285747,C,G,NTRK2,4,NM_006180,c.84C>G,p.A28A,Silent,575,0.02087,623,0
P-0019980,v6,9,135779101,C,G,TSC1,17,NM_000368,c.2145G>C,p.R715R,Silent,685,0.04818,584,0.014
P-0020018,v6,10,63852393,G,A,ARID5B,10,NM_032199,c.3171G>A,p.A1057A,Silent,521,0.02303,683,0.004
P-0020248,v6,16,67670708,G,A,CTCF,11,NM_006565,c.1953G>A,p.R651R,Silent,654,0.03211,820,0.002
P-0020452,v6,4,1803668,G,A,FGFR3,7,NM_000142,c.846G>A,p.Q282Q,Silent,985,0.02437,1161,0.003
P-0020564,v6,4,143352338,C,A,INPP4B,4,NM_001101669,c.75G>T,p.G25G,Silent,794,0.02267,763,0.001
P-0020730,v6,2,16085772,C,T,MYCN,3,NM_005378,c.948C>T,p.S316S,Silent,704,0.02273,606,0
P-0020802,v6,1,27099031,A,T,ARID1A,13,NM_006015,c.3447A>T,p.S1149S,Silent,950,0.04211,1179,0.003
P-0020944,v6,1,206646582,A,G,IKBKE,3,NM_014002,c.12A>G,p.T4T,Silent,1103,0.0408,877,0.001
P-0020944,v6,11,2154316,C,T,IGF2,5,NM_001127598,c.612G>A,p.A204A,Silent,1135,0.03524,943,0.002
P-0020922,v6,19,5219971,G,A,PTPRS,22,NM_002850,c.3744C>T,p.A1248A,Silent,989,0.03033,845,0.012
P-0020922,v6,19,17953236,G,A,JAK3,6,NM_000215,c.750C>T,p.A250A,Silent,1099,0.0273,831,0.01
P-0020960,v6,4,106158033,C,T,TET2,3,NM_001127208,c.2934C>T,p.H978H,Silent,313,0.03834,305,0.016
P-0021054,v6,4,66467807,A,G,EPHA5,3,NM_004439,c.462T>C,p.Y154Y,Silent,538,0.0223,557,0.002
P-0021116,v6,11,111965547,T,C,SDHD,4,NM_003002,c.333T>C,p.V111V,Silent,389,0.02571,400,0.003
P-0021116,v6,12,46231426,A,C,ARID2,10,NM_152641,c.1266A>C,p.L422L,Silent,676,0.05178,541,0.011
P-0021169,v6,13,48939095,T,C,RB1,9,NM_000321,c.927T>C,p.N309N,Silent,473,0.02326,566,0
P-0021210,v6,9,137321027,C,T,RXRA,7,NM_002957,c.984C>T,p.T328T,Silent,823,0.04253,812,0.004
P-0021202,v6,16,2131696,G,A,TSC2,31,NM_000548,c.3711G>A,p.A1237A,Silent,947,0.04329,1511,0.012
P-0021207,v6,14,81610262,C,T,TSHR,10,NM_000369,c.1860C>T,p.T620T,Silent,736,0.04891,564,0.007
P-0021268,v6,16,3820835,C,T,CREBBP,14,NM_004380,c.2616G>A,p.T872T,Silent,1175,0.04085,981,0.018
P-0021310,v6,20,31387094,G,A,DNMT3B,16,NM_006892,c.1719G>A,p.R573R,Silent,916,0.02074,1109,0.008
P-0021671,v6,2,30143073,C,T,ALK,1,NM_004304,c.453G>A,p.L151L,Silent,975,0.03282,386,0.005
P-0022059,v6,11,118344217,C,T,KMT2A,3,NM_001197104,c.2343C>T,p.S781S,Silent,721,0.02497,284,0
P-0022157,v6,19,42795083,C,T,CIC,10,NM_015125,c.2163C>T,p.S721S,Silent,1259,0.04607,1077,0.003
P-0022252,v6,19,11129636,G,A,SMARCA4,17,NM_003072,c.2442G>A,p.T814T,Silent,592,0.03041,802,0.001
P-0022402,v6,17,40865339,C,T,EZH1,11,NM_001991,c.1092G>A,p.R364R,Silent,954,0.02096,659,0.002
P-0022444,v6,6,117662306,G,A,ROS1,30,NM_002944,c.5071C>T,p.L1691L,Silent,850,0.02471,721,0.01
P-0022568,v6,7,55233023,C,T,EGFR,15,NM_005228,c.1773C>T,p.C591C,Silent,602,0.02658,741,0.009
P-0022568,v6,7,116409839,T,C,MET,12,NM_000245,c.2724T>C,p.N908N,Silent,412,0.0267,454,0.002
P-0022687,v6,1,120510725,T,G,NOTCH2,7,NM_024408,c.1239A>C,p.T413T,Silent,962,0.02703,1247,0.01
P-0022687,v6,8,56859045,A,G,LYN,3,NM_002350,c.171A>G,p.Q57Q,Silent,837,0.02151,1055,0.009
P-0022669,v6,10,123260356,G,A,FGFR2,11,NM_000141,c.1545C>T,p.A515A,Silent,664,0.18072,865,0.007
P-0022837,v6,17,47679313,G,A,SPOP,9,NM_001007228,c.894C>T,p.S298S,Silent,492,0.02236,995,0.001
P-0014433,v6,16,72923637,C,T,ZFHX3,4,NM_006885,c.3441G>A,p.T1147T,Silent,841,0.0321,455,0.002
P-0023054,v6,1,40366843,G,A,MYCL1,2,NM_001033082,c.354C>T,p.S118S,Silent,1281,0.03357,672,0.01
P-0023343,v6,13,21555747,G,T,LATS2,6,NM_014572,c.2523C>A,p.L841L,Silent,689,0.02322,468,0.002
P-0023461,v6,2,47710040,T,C,MSH2,16,NM_000251,c.2757T>C,p.N919N,Silent,483,0.0352,573,0.002
P-0023531,v6,8,69143583,C,T,PREX2,40,NM_024870,c.4791C>T,p.C1597C,Silent,479,0.02296,725,0
P-0023532,v6,6,29910339,C,A,HLA-A,1,NM_001242758,c.9C>A,p.V3V,Silent,1376,0.02398,1197,0.007
P-0023534,v6,3,189586402,C,A,TP63,8,NM_003722,c.1026C>A,p.A342A,Silent,413,0.02663,363,0.003
P-0023574,v6,9,137293626,C,T,RXRA,2,NM_002957,c.177C>T,p.N59N,Silent,929,0.09473,358,0.017
P-0023676,v6,19,10291236,G,A,DNMT1,4,NM_001379,c.235C>T,p.L79L,Silent,734,0.02725,737,0.009
P-0023788,v6,19,50905347,G,A,POLD1,5,NM_002691,c.555G>A,p.P185P,Silent,408,0.17157,520,0.06
P-0024051,v6,21,42845320,G,A,TMPRSS2,9,NM_001135099,c.942C>T,p.N314N,Silent,740,0.03378,470,0.006
P-0024138,v6,2,16085823,C,A,MYCN,3,NM_005378,c.999C>A,p.A333A,Silent,588,0.2466,534,0.094
P-0024206,v6,19,36210975,A,G,KMT2B,3,NM_014727,c.726A>G,p.E242E,Silent,996,0.02108,866,0.007
P-0024358,v6,6,26225757,C,T,HIST1H3E,1,NM_003532,c.375C>T,p.I125I,Silent,891,0.02918,973,0.003
P-0024522,v6,19,5246049,G,A,PTPRS,10,NM_002850,c.726C>T,p.R242R,Silent,464,0.03233,432,0.005
P-0024474,v6,16,72984818,C,T,ZFHX3,3,NM_006885,c.2766G>A,p.L922L,Silent,705,0.04255,980,0.011
P-0024590,v6,15,42003328,T,G,MGA,8,NM_001164273,c.2865T>G,p.V955V,Silent,561,0.23708,535,0.028
P-0024602,v6,12,49434260,A,T,KMT2D,31,NM_003482,c.7293T>A,p.S2431S,Silent,1265,0.05534,1317,0
P-0024674,v6,14,95560267,C,T,DICER1,25,NM_030621,c.5322G>A,p.Q1774Q,Silent,389,0.13625,535,0.017
P-0024670,v6,4,55152121,G,A,PDGFRA,18,NM_006206,c.2553G>A,p.S851S,Silent,650,0.02,362,0.006
P-0024790,v6,6,117665286,G,A,ROS1,27,NM_002944,c.4461C>T,p.Y1487Y,Silent,465,0.04086,738,0
P-0024956,v6,1,120458502,G,T,NOTCH2,34,NM_024408,c.6843C>A,p.G2281G,Silent,445,0.02247,257,0
P-0025197,v6,6,30670893,G,A,MDC1,12,NM_014641,c.5853C>T,p.D1951D,Silent,445,0.04045,460,0.002
P-0020033,v6,20,30956821,G,A,ASXL1,3,NM_015338,c.147G>A,p.G49G,Silent,472,0.02542,390,0.005
P-0025259,v6,10,123244998,C,T,FGFR2,16,NM_000141,c.2106G>A,p.S702S,Silent,537,0.04469,777,0
P-0025462,v6,3,89448551,C,T,EPHA3,7,NM_005233,c.1515C>T,p.Y505Y,Silent,532,0.02632,501,0.008
P-0025491,v6,9,139409752,C,T,NOTCH1,12,NM_017617,c.2004G>A,p.P668P,Silent,614,0.02606,344,0.003
P-0025549,v6,4,187534345,G,A,FAT1,13,NM_005245,c.9381C>T,p.A3127A,Silent,463,0.12095,723,0.011
P-0025838,v6,22,41531905,T,C,EP300,7,NM_001429,c.1617T>C,p.S539S,Silent,419,0.02625,697,0
P-0025867,v6,15,42042561,C,T,MGA,17,NM_001164273,c.6756C>T,p.A2252A,Silent,397,0.03526,693,0.001
P-0025917,v6,19,42791014,G,C,CIC,2,NM_015125,c.159G>C,p.V53V,Silent,266,0.1015,377,0.021
P-0026271,v6,5,131923678,G,A,RAD50,7,NM_005732,c.948G>A,p.R316R,Silent,531,0.0565,671,0.012
P-0026293,v6,19,18965778,C,T,UPF1,10,NM_002911,c.1356C>T,p.D452D,Silent,494,0.08097,657,0.032
P-0026348,v6,6,43748571,C,T,VEGFA,6,NM_001171623,c.525C>T,p.P175P,Silent,216,0.11111,328,0.006
P-0026474,v6,4,187535391,C,A,FAT1,12,NM_005245,c.9183G>T,p.T3061T,Silent,519,0.03661,616,0.006
P-0026734,v6,16,3778436,C,T,CREBBP,31,NM_004380,c.6612G>A,p.Q2204Q,Silent,744,0.02016,859,0.008
P-0027082,v6,12,56481634,C,T,ERBB3,6,NM_001982,c.669C>T,p.P223P,Silent,559,0.07692,1006,0.019
P-0027102,v6,7,116411602,A,G,MET,13,NM_000245,c.2781A>G,p.P927P,Silent,403,0.03226,614,0
P-0027444,v6,7,128845142,C,T,SMO,3,NM_005631,c.636C>T,p.G212G,Silent,743,0.06191,966,0.007
P-0027630,v6,7,151878723,C,T,KMT2C,36,NM_170606,c.6222G>A,p.R2074R,Silent,493,0.07302,664,0
P-0027622,v6,3,49940047,T,C,MST1R,1,NM_002447,c.996A>G,p.Q332Q,Silent,758,0.06992,676,0.001
P-0027672,v6,12,49436636,G,A,KMT2D,26,NM_003482,c.5670C>T,p.D1890D,Silent,609,0.03777,300,0.01
P-0027731,v6,13,32914168,T,A,BRCA2,11,NM_000059,c.5676T>A,p.G1892G,Silent,368,0.05707,305,0.007
P-0028067,v6,16,68862156,C,G,CDH1,14,NM_004360,c.2244C>G,p.T748T,Silent,661,0.08775,697,0.006
P-0028244,v6,14,81609401,C,T,TSHR,10,NM_000369,c.999C>T,p.S333S,Silent,423,0.02364,639,0.006
P-0028270,v6,16,89347700,G,A,ANKRD11,9,NM_013275,c.5250C>T,p.T1750T,Silent,603,0.199,623,0.022
P-0028514,v6,6,117704636,G,A,ROS1,16,NM_002944,c.2340C>T,p.D780D,Silent,431,0.07425,550,0.013
P-0028703,v6,19,42795188,G,A,CIC,10,NM_015125,c.2268G>A,p.A756A,Silent,787,0.05464,392,0.013
P-0018106,v6,15,42054346,C,G,MGA,22,NM_001164273,c.7530C>G,p.V2510V,Silent,368,0.05435,548,0.009
P-0029108,v6,5,180048146,G,A,FLT4,14,NM_182925,c.2127C>T,p.I709I,Silent,710,0.02958,393,0.005
P-0029333,v6,4,66535434,C,T,EPHA5,1,NM_004439,c.27G>A,p.A9A,Silent,346,0.0578,410,0.015
P-0030317,v6,17,78933973,C,T,RPTOR,30,NM_020761,c.3573C>T,p.R1191R,Silent,609,0.02627,818,0.006
P-0030378,v6,19,3094742,G,A,GNA11,1,NM_002067,c.93G>A,p.R31R,Silent,312,0.0609,400,0.003
P-0026769,v6,19,7184523,G,A,INSR,3,NM_000208,c.778C>T,p.L260L,Silent,549,0.02914,769,0.006
P-0003322,v6,6,26250717,G,T,HIST1H3F,1,NM_021018,c.117C>A,p.P39P,Silent,420,0.02857,537,0
